[
    {
        "id": 1,
        "source": "Website 1",
        "category": "Living Room",
        "subcategory": "Sofa",
        "url": "https://www.ikea.com/pt/en/cat/beds-bm003/",
        "enable": false
    },
    {
        "id": 2,
        "source": "Website 1",
        "category": "Living Room",
        "subcategory": "Sofa",
        "url": "https://www.ikea.com/pt/en/cat/sofas-fu003/",
        "enable": true
    },
    {
        "id": 3,
        "source": "Website 1",
        "category": "Living Room",
        "subcategory": "Armchair",
        "url": "https://www.ikea.com/pt/en/cat/living-room-chairs-footstools-fu006/",
        "enable": false
    },
    {
        "id": 4,
        "source": "Website 1",
        "category": "Living Room",
        "subcategory": "Shelve",
        "url": "https://www.ikea.com/pt/en/cat/bookcases-shelving-units-st002/",
        "enable": false
    },
    {
        "id": 5,
        "source": "Website 1",
        "category": "Living Room",
        "subcategory": "Table",
        "url": "https://www.ikea.com/pt/en/cat/tables-desks-fu004/",
        "enable": false
    },
    {
        "id": 6,
        "source": "Website 1",
        "category": "Living Room",
        "subcategory": "Cabinet",
        "url": "https://www.ikea.com/pt/en/cat/cabinets-cupboards-st003/",
        "enable": false
    },
    {
        "id": 7,
        "source": "Website 1",
        "category": "Living Room",
        "subcategory": "TV Stand",
        "url": "https://www.ikea.com/pt/en/cat/tv-media-furniture-10475/",
        "enable": false
    },
    {
        "id": 8,
        "source": "Website 1",
        "category": "Garden",
        "subcategory": "Outdoor",
        "url": "https://www.ikea.com/pt/en/cat/garden-furniture-od003/",
        "enable": false
    },
    {
        "id": 9,
        "source": "Website 1",
        "category": "Living Room",
        "subcategory": "Drawer",
        "url": "https://www.ikea.com/pt/en/cat/chest-of-drawers-drawer-units-st004/",
        "enable": false
    },
    {
        "id": 10,
        "source": "Website 1",
        "category": "Bedroom",
        "subcategory": "Wardrobe",
        "url": "https://www.ikea.com/pt/en/cat/wardrobes-19053/",
        "enable": false
    },
    {
        "id": 11,
        "source": "Website 1",
        "category": "Home Office",
        "subcategory": "Chair",
        "url": "https://www.ikea.com/pt/en/cat/chairs-fu002/",
        "enable": false
    },
    {
        "id": 12,
        "source": "Website 1",
        "category": "Living Room",
        "subcategory": "Sideboard",
        "url": "https://www.ikea.com/pt/en/cat/sideboards-buffets-console-tables-30454/",
        "enable": false
    },
    {
        "id": 13,
        "source": "Website 1",
        "category": "Bedroom",
        "subcategory": "Children",
        "url": "https://www.ikea.com/pt/en/cat/childrens-furniture-18767/",
        "enable": false
    },
    {
        "id": 14,
        "source": "Website 1",
        "category": "Bedroom",
        "subcategory": "Nursery",
        "url": "https://www.ikea.com/pt/en/cat/nursery-furniture-45780/",
        "enable": false
    },
    {
        "id": 15,
        "source": "Website 1",
        "category": "Bedroom",
        "subcategory": "Divider",
        "url": "https://www.ikea.com/pt/en/cat/room-dividers-46080/",
        "enable": false
    },
    {
        "id": 16,
        "source": "Website 1",
        "category": "Kitchen",
        "subcategory": "Trolley",
        "url": "https://www.ikea.com/pt/en/cat/trolleys-fu005/",
        "enable": false
    },
    {
        "id": 17,
        "source": "Website 1",
        "category": "Kitchen",
        "subcategory": "Bar",
        "url": "https://www.ikea.com/pt/en/cat/bar-furniture-16244/",
        "enable": false
    },
    {
        "id": 18,
        "source": "Website 1",
        "category": "Living Room",
        "subcategory": "Gaming",
        "url": "https://www.ikea.com/pt/en/cat/gaming-furniture-55002/",
        "image": 330,
        "enable": false
    },
    {
        "id": 19,
        "source": "Website 1",
        "category": "Kitchen",
        "subcategory": "Cafe",
        "url": "https://www.ikea.com/pt/en/cat/cafe-furniture-19141/",
        "enable": false
    },
    {
        "id": 20,
        "source": "Website 1",
        "category": "Bedroom",
        "subcategory": "Sets",
        "url": "https://www.ikea.com/pt/en/cat/furniture-sets-55036/",
        "enable": false
    },
    {
        "id": 21,
        "source": "Website 1",
        "category": "Dining Room",
        "subcategory": "Dining",
        "url": "https://www.ikea.com/pt/en/cat/dining-furniture-700417/",
        "enable": false
    }
]