[
    {
        "id": 1,
        "filename": "1.jpg",
        "category": "Living Room",
        "subcategory": "Sofa",
        "source": "website1"
    },
    {
        "id": 2,
        "filename": "2.jpg",
        "category": "Living Room",
        "subcategory": "Sofa",
        "source": "website1"
    },
    {
        "id": 3,
        "filename": "3.jpg",
        "category": "Living Room",
        "subcategory": "Sofa",
        "source": "website1"
    },
    {
        "id": 4,
        "filename": "4.jpg",
        "category": "Living Room",
        "subcategory": "Sofa",
        "source": "website1"
    },
    {
        "id": 5,
        "filename": "5.jpg",
        "category": "Living Room",
        "subcategory": "Sofa",
        "source": "website1"
    },
    {
        "id": 6,
        "filename": "6.jpg",
        "category": "Living Room",
        "subcategory": "Sofa",
        "source": "website1"
    },
    {
        "id": 7,
        "filename": "7.jpg",
        "category": "Living Room",
        "subcategory": "Sofa",
        "source": "website1"
    },
    {
        "id": 8,
        "filename": "8.jpg",
        "category": "Living Room",
        "subcategory": "Sofa",
        "source": "website1"
    },
    {
        "id": 9,
        "filename": "9.jpg",
        "category": "Living Room",
        "subcategory": "Sofa",
        "source": "website1"
    },
    {
        "id": 10,
        "filename": "10.jpg",
        "category": "Living Room",
        "subcategory": "Sofa",
        "source": "website1"
    },
    {
        "id": 11,
        "filename": "11.jpg",
        "category": "Living Room",
        "subcategory": "Sofa",
        "source": "website1"
    },
    {
        "id": 12,
        "filename": "12.jpg",
        "category": "Living Room",
        "subcategory": "Sofa",
        "source": "website1"
    },
    {
        "id": 13,
        "filename": "13.jpg",
        "category": "Living Room",
        "subcategory": "Sofa",
        "source": "website1"
    },
    {
        "id": 14,
        "filename": "14.jpg",
        "category": "Living Room",
        "subcategory": "Sofa",
        "source": "website1"
    },
    {
        "id": 15,
        "filename": "15.jpg",
        "category": "Living Room",
        "subcategory": "Sofa",
        "source": "website1"
    },
    {
        "id": 16,
        "filename": "16.jpg",
        "category": "Living Room",
        "subcategory": "Sofa",
        "source": "website1"
    },
    {
        "id": 17,
        "filename": "17.jpg",
        "category": "Living Room",
        "subcategory": "Sofa",
        "source": "website1"
    },
    {
        "id": 18,
        "filename": "18.jpg",
        "category": "Living Room",
        "subcategory": "Sofa",
        "source": "website1"
    },
    {
        "id": 19,
        "filename": "19.jpg",
        "category": "Living Room",
        "subcategory": "Sofa",
        "source": "website1"
    },
    {
        "id": 20,
        "filename": "20.jpg",
        "category": "Living Room",
        "subcategory": "Sofa",
        "source": "website1"
    },
    {
        "id": 21,
        "filename": "21.jpg",
        "category": "Living Room",
        "subcategory": "Sofa",
        "source": "website1"
    },
    {
        "id": 22,
        "filename": "22.jpg",
        "category": "Living Room",
        "subcategory": "Sofa",
        "source": "website1"
    },
    {
        "id": 23,
        "filename": "23.jpg",
        "category": "Living Room",
        "subcategory": "Sofa",
        "source": "website1"
    },
    {
        "id": 24,
        "filename": "24.jpg",
        "category": "Living Room",
        "subcategory": "Sofa",
        "source": "website1"
    },
    {
        "id": 25,
        "filename": "25.jpg",
        "category": "Living Room",
        "subcategory": "Sofa",
        "source": "website1"
    },
    {
        "id": 26,
        "filename": "26.jpg",
        "category": "Living Room",
        "subcategory": "Sofa",
        "source": "website1"
    },
    {
        "id": 27,
        "filename": "27.jpg",
        "category": "Living Room",
        "subcategory": "Sofa",
        "source": "website1"
    },
    {
        "id": 28,
        "filename": "28.jpg",
        "category": "Living Room",
        "subcategory": "Sofa",
        "source": "website1"
    },
    {
        "id": 29,
        "filename": "29.jpg",
        "category": "Living Room",
        "subcategory": "Sofa",
        "source": "website1"
    },
    {
        "id": 30,
        "filename": "30.jpg",
        "category": "Living Room",
        "subcategory": "Sofa",
        "source": "website1"
    },
    {
        "id": 31,
        "filename": "31.jpg",
        "category": "Living Room",
        "subcategory": "Sofa",
        "source": "website1"
    },
    {
        "id": 32,
        "filename": "32.jpg",
        "category": "Living Room",
        "subcategory": "Sofa",
        "source": "website1"
    },
    {
        "id": 33,
        "filename": "33.jpg",
        "category": "Living Room",
        "subcategory": "Sofa",
        "source": "website1"
    },
    {
        "id": 34,
        "filename": "34.jpg",
        "category": "Living Room",
        "subcategory": "Sofa",
        "source": "website1"
    },
    {
        "id": 35,
        "filename": "35.jpg",
        "category": "Living Room",
        "subcategory": "Sofa",
        "source": "website1"
    },
    {
        "id": 36,
        "filename": "36.jpg",
        "category": "Living Room",
        "subcategory": "Sofa",
        "source": "website1"
    },
    {
        "id": 37,
        "filename": "37.jpg",
        "category": "Living Room",
        "subcategory": "Sofa",
        "source": "website1"
    },
    {
        "id": 38,
        "filename": "38.jpg",
        "category": "Living Room",
        "subcategory": "Sofa",
        "source": "website1"
    },
    {
        "id": 39,
        "filename": "39.jpg",
        "category": "Living Room",
        "subcategory": "Sofa",
        "source": "website1"
    },
    {
        "id": 40,
        "filename": "40.jpg",
        "category": "Living Room",
        "subcategory": "Sofa",
        "source": "website1"
    },
    {
        "id": 41,
        "filename": "41.jpg",
        "category": "Living Room",
        "subcategory": "Sofa",
        "source": "website1"
    },
    {
        "id": 42,
        "filename": "42.jpg",
        "category": "Living Room",
        "subcategory": "Sofa",
        "source": "website1"
    },
    {
        "id": 43,
        "filename": "43.jpg",
        "category": "Living Room",
        "subcategory": "Sofa",
        "source": "website1"
    },
    {
        "id": 44,
        "filename": "44.jpg",
        "category": "Living Room",
        "subcategory": "Sofa",
        "source": "website1"
    },
    {
        "id": 45,
        "filename": "45.jpg",
        "category": "Living Room",
        "subcategory": "Sofa",
        "source": "website1"
    },
    {
        "id": 46,
        "filename": "46.jpg",
        "category": "Living Room",
        "subcategory": "Sofa",
        "source": "website1"
    },
    {
        "id": 47,
        "filename": "47.jpg",
        "category": "Living Room",
        "subcategory": "Sofa",
        "source": "website1"
    },
    {
        "id": 48,
        "filename": "48.jpg",
        "category": "Living Room",
        "subcategory": "Sofa",
        "source": "website1"
    },
    {
        "id": 49,
        "filename": "49.jpg",
        "category": "Living Room",
        "subcategory": "Sofa",
        "source": "website1"
    },
    {
        "id": 50,
        "filename": "50.jpg",
        "category": "Living Room",
        "subcategory": "Sofa",
        "source": "website1"
    },
    {
        "id": 51,
        "filename": "51.jpg",
        "category": "Living Room",
        "subcategory": "Sofa",
        "source": "website1"
    },
    {
        "id": 52,
        "filename": "52.jpg",
        "category": "Living Room",
        "subcategory": "Sofa",
        "source": "website1"
    },
    {
        "id": 53,
        "filename": "53.jpg",
        "category": "Living Room",
        "subcategory": "Sofa",
        "source": "website1"
    },
    {
        "id": 54,
        "filename": "54.jpg",
        "category": "Living Room",
        "subcategory": "Sofa",
        "source": "website1"
    },
    {
        "id": 55,
        "filename": "55.jpg",
        "category": "Living Room",
        "subcategory": "Sofa",
        "source": "website1"
    },
    {
        "id": 56,
        "filename": "56.jpg",
        "category": "Living Room",
        "subcategory": "Sofa",
        "source": "website1"
    },
    {
        "id": 57,
        "filename": "57.jpg",
        "category": "Living Room",
        "subcategory": "Sofa",
        "source": "website1"
    },
    {
        "id": 58,
        "filename": "58.jpg",
        "category": "Living Room",
        "subcategory": "Sofa",
        "source": "website1"
    },
    {
        "id": 59,
        "filename": "59.jpg",
        "category": "Living Room",
        "subcategory": "Sofa",
        "source": "website1"
    },
    {
        "id": 60,
        "filename": "60.jpg",
        "category": "Living Room",
        "subcategory": "Sofa",
        "source": "website1"
    },
    {
        "id": 61,
        "filename": "61.jpg",
        "category": "Living Room",
        "subcategory": "Sofa",
        "source": "website1"
    },
    {
        "id": 62,
        "filename": "62.jpg",
        "category": "Living Room",
        "subcategory": "Sofa",
        "source": "website1"
    },
    {
        "id": 63,
        "filename": "63.jpg",
        "category": "Living Room",
        "subcategory": "Sofa",
        "source": "website1"
    },
    {
        "id": 64,
        "filename": "64.jpg",
        "category": "Living Room",
        "subcategory": "Sofa",
        "source": "website1"
    },
    {
        "id": 65,
        "filename": "65.jpg",
        "category": "Living Room",
        "subcategory": "Sofa",
        "source": "website1"
    },
    {
        "id": 66,
        "filename": "66.jpg",
        "category": "Living Room",
        "subcategory": "Sofa",
        "source": "website1"
    },
    {
        "id": 67,
        "filename": "67.jpg",
        "category": "Living Room",
        "subcategory": "Sofa",
        "source": "website1"
    },
    {
        "id": 68,
        "filename": "68.jpg",
        "category": "Living Room",
        "subcategory": "Sofa",
        "source": "website1"
    }
]